--------------------------------------------------------
--  파일이 생성됨 - 일요일-2월-04-2024   
--------------------------------------------------------
--------------------------------------------------------
--  DDL for Table ALLY_PRODUCTS
--------------------------------------------------------

  CREATE TABLE "ADMIN"."ALLY_PRODUCTS" 
   (	"ITEMID" NUMBER, 
	"PRODUCT_TYPE" VARCHAR2(100 BYTE), 
	"FEATURES" VARCHAR2(400 BYTE), 
	"PRICE" NUMBER(10,2)
   ) SEGMENT CREATION IMMEDIATE 
  PCTFREE 10 PCTUSED 40 INITRANS 1 MAXTRANS 255 
 NOCOMPRESS LOGGING
  STORAGE(INITIAL 65536 NEXT 1048576 MINEXTENTS 1 MAXEXTENTS 2147483645
  PCTINCREASE 0 FREELISTS 1 FREELIST GROUPS 1
  BUFFER_POOL DEFAULT FLASH_CACHE DEFAULT CELL_FLASH_CACHE DEFAULT)
  TABLESPACE "USERS" ;
--------------------------------------------------------
--  DDL for Table ALLY_PURCHASE_HISTORY
--------------------------------------------------------

  CREATE TABLE "ADMIN"."ALLY_PURCHASE_HISTORY" 
   (	"PURCHASEID" NUMBER(*,0), 
	"USERID" VARCHAR2(100 BYTE), 
	"ITEMID" NUMBER(*,0), 
	"PURCHASEDATE" DATE, 
	"AMOUNT" NUMBER(10,2)
   ) SEGMENT CREATION IMMEDIATE 
  PCTFREE 10 PCTUSED 40 INITRANS 1 MAXTRANS 255 
 NOCOMPRESS LOGGING
  STORAGE(INITIAL 65536 NEXT 1048576 MINEXTENTS 1 MAXEXTENTS 2147483645
  PCTINCREASE 0 FREELISTS 1 FREELIST GROUPS 1
  BUFFER_POOL DEFAULT FLASH_CACHE DEFAULT CELL_FLASH_CACHE DEFAULT)
  TABLESPACE "USERS" ;
--------------------------------------------------------
--  DDL for Table ALLY_USERS
--------------------------------------------------------

  CREATE TABLE "ADMIN"."ALLY_USERS" 
   (	"USERID" VARCHAR2(100 BYTE), 
	"EMAIL" VARCHAR2(255 BYTE), 
	"PASSWORD" VARCHAR2(255 BYTE), 
	"FULLNAME" VARCHAR2(100 BYTE), 
	"AGE" NUMBER(*,0), 
	"GENDER" VARCHAR2(10 BYTE), 
	"SKINTYPE" VARCHAR2(20 BYTE), 
	"ROLE" VARCHAR2(10 BYTE)
   ) SEGMENT CREATION IMMEDIATE 
  PCTFREE 10 PCTUSED 40 INITRANS 1 MAXTRANS 255 
 NOCOMPRESS LOGGING
  STORAGE(INITIAL 65536 NEXT 1048576 MINEXTENTS 1 MAXEXTENTS 2147483645
  PCTINCREASE 0 FREELISTS 1 FREELIST GROUPS 1
  BUFFER_POOL DEFAULT FLASH_CACHE DEFAULT CELL_FLASH_CACHE DEFAULT)
  TABLESPACE "USERS" ;
REM INSERTING into ADMIN.ALLY_PRODUCTS
SET DEFINE OFF;
Insert into ADMIN.ALLY_PRODUCTS (ITEMID,PRODUCT_TYPE,FEATURES,PRICE) values (1,'로션','모든 피부 타입에 적합한 보습',23988);
Insert into ADMIN.ALLY_PRODUCTS (ITEMID,PRODUCT_TYPE,FEATURES,PRICE) values (2,'아이크림','다크 서클 감소',35988);
Insert into ADMIN.ALLY_PRODUCTS (ITEMID,PRODUCT_TYPE,FEATURES,PRICE) values (3,'립밤','비타민 E가 함유된 보습',11988);
Insert into ADMIN.ALLY_PRODUCTS (ITEMID,PRODUCT_TYPE,FEATURES,PRICE) values (4,'파운데이션','완전한 커버리지, 매트 마감',41988);
Insert into ADMIN.ALLY_PRODUCTS (ITEMID,PRODUCT_TYPE,FEATURES,PRICE) values (5,'페이스 세럼','히알루론산이 함유된 안티에이징',59988);
Insert into ADMIN.ALLY_PRODUCTS (ITEMID,PRODUCT_TYPE,FEATURES,PRICE) values (6,'선크림','SPF 50, 방수 기능',29988);
Insert into ADMIN.ALLY_PRODUCTS (ITEMID,PRODUCT_TYPE,FEATURES,PRICE) values (7,'마스카라','길어지는 효과, 방수',17988);
Insert into ADMIN.ALLY_PRODUCTS (ITEMID,PRODUCT_TYPE,FEATURES,PRICE) values (8,'블러쉬','모든 피부 톤에 자연스러운 모양',27588);
Insert into ADMIN.ALLY_PRODUCTS (ITEMID,PRODUCT_TYPE,FEATURES,PRICE) values (9,'아이라이너','번짐 방지, 오래 지속',15588);
Insert into ADMIN.ALLY_PRODUCTS (ITEMID,PRODUCT_TYPE,FEATURES,PRICE) values (10,'립스틱','생생한 색상, 보습',23988);
Insert into ADMIN.ALLY_PRODUCTS (ITEMID,PRODUCT_TYPE,FEATURES,PRICE) values (11,'네일 폴리시','빠른 건조, 오래 지속',10788);
Insert into ADMIN.ALLY_PRODUCTS (ITEMID,PRODUCT_TYPE,FEATURES,PRICE) values (12,'클렌저','민감한 피부에 적합한 순함',20388);
Insert into ADMIN.ALLY_PRODUCTS (ITEMID,PRODUCT_TYPE,FEATURES,PRICE) values (13,'토너','알코올 무함유, 균형잡힌',21588);
Insert into ADMIN.ALLY_PRODUCTS (ITEMID,PRODUCT_TYPE,FEATURES,PRICE) values (14,'페이스 마스크','차콜이 함유된 해독 효과',19188);
Insert into ADMIN.ALLY_PRODUCTS (ITEMID,PRODUCT_TYPE,FEATURES,PRICE) values (15,'핸드 크림','영양 공급, 빠른 흡수',16788);
Insert into ADMIN.ALLY_PRODUCTS (ITEMID,PRODUCT_TYPE,FEATURES,PRICE) values (16,'바디 워시','필수 오일이 함유된 상쾌함',22788);
Insert into ADMIN.ALLY_PRODUCTS (ITEMID,PRODUCT_TYPE,FEATURES,PRICE) values (17,'샴푸','모든 헤어 타입에 적합한 황산염 무함유',25188);
Insert into ADMIN.ALLY_PRODUCTS (ITEMID,PRODUCT_TYPE,FEATURES,PRICE) values (18,'컨디셔너','아르간 오일이 함유된 보습',26388);
Insert into ADMIN.ALLY_PRODUCTS (ITEMID,PRODUCT_TYPE,FEATURES,PRICE) values (19,'헤어 세럼','케라틴이 함유된 곱슬 방지',28788);
Insert into ADMIN.ALLY_PRODUCTS (ITEMID,PRODUCT_TYPE,FEATURES,PRICE) values (20,'데오도란트','천연, 알루미늄 무함유',14388);
REM INSERTING into ADMIN.ALLY_PURCHASE_HISTORY
SET DEFINE OFF;
Insert into ADMIN.ALLY_PURCHASE_HISTORY (PURCHASEID,USERID,ITEMID,PURCHASEDATE,AMOUNT) values (1,'96',37,to_date('23/07/14','RR/MM/DD'),137912);
Insert into ADMIN.ALLY_PURCHASE_HISTORY (PURCHASEID,USERID,ITEMID,PURCHASEDATE,AMOUNT) values (2,'26',46,to_date('23/02/07','RR/MM/DD'),95941);
Insert into ADMIN.ALLY_PURCHASE_HISTORY (PURCHASEID,USERID,ITEMID,PURCHASEDATE,AMOUNT) values (3,'28',46,to_date('23/05/26','RR/MM/DD'),74629);
Insert into ADMIN.ALLY_PURCHASE_HISTORY (PURCHASEID,USERID,ITEMID,PURCHASEDATE,AMOUNT) values (4,'32',29,to_date('23/07/01','RR/MM/DD'),229911);
Insert into ADMIN.ALLY_PURCHASE_HISTORY (PURCHASEID,USERID,ITEMID,PURCHASEDATE,AMOUNT) values (5,'10',39,to_date('23/03/02','RR/MM/DD'),239323);
Insert into ADMIN.ALLY_PURCHASE_HISTORY (PURCHASEID,USERID,ITEMID,PURCHASEDATE,AMOUNT) values (6,'56',21,to_date('23/09/25','RR/MM/DD'),117266);
Insert into ADMIN.ALLY_PURCHASE_HISTORY (PURCHASEID,USERID,ITEMID,PURCHASEDATE,AMOUNT) values (7,'8',1,to_date('23/07/21','RR/MM/DD'),447435);
Insert into ADMIN.ALLY_PURCHASE_HISTORY (PURCHASEID,USERID,ITEMID,PURCHASEDATE,AMOUNT) values (8,'66',20,to_date('23/10/12','RR/MM/DD'),396398);
Insert into ADMIN.ALLY_PURCHASE_HISTORY (PURCHASEID,USERID,ITEMID,PURCHASEDATE,AMOUNT) values (9,'22',29,to_date('23/12/02','RR/MM/DD'),251268);
Insert into ADMIN.ALLY_PURCHASE_HISTORY (PURCHASEID,USERID,ITEMID,PURCHASEDATE,AMOUNT) values (10,'94',11,to_date('23/08/16','RR/MM/DD'),379549);
Insert into ADMIN.ALLY_PURCHASE_HISTORY (PURCHASEID,USERID,ITEMID,PURCHASEDATE,AMOUNT) values (11,'41',3,to_date('23/12/23','RR/MM/DD'),247134);
Insert into ADMIN.ALLY_PURCHASE_HISTORY (PURCHASEID,USERID,ITEMID,PURCHASEDATE,AMOUNT) values (12,'99',4,to_date('23/06/11','RR/MM/DD'),470492);
Insert into ADMIN.ALLY_PURCHASE_HISTORY (PURCHASEID,USERID,ITEMID,PURCHASEDATE,AMOUNT) values (13,'22',34,to_date('23/06/23','RR/MM/DD'),173372);
Insert into ADMIN.ALLY_PURCHASE_HISTORY (PURCHASEID,USERID,ITEMID,PURCHASEDATE,AMOUNT) values (14,'79',2,to_date('23/10/23','RR/MM/DD'),177785);
Insert into ADMIN.ALLY_PURCHASE_HISTORY (PURCHASEID,USERID,ITEMID,PURCHASEDATE,AMOUNT) values (15,'49',26,to_date('23/09/06','RR/MM/DD'),493320);
Insert into ADMIN.ALLY_PURCHASE_HISTORY (PURCHASEID,USERID,ITEMID,PURCHASEDATE,AMOUNT) values (16,'30',15,to_date('23/08/17','RR/MM/DD'),260188);
Insert into ADMIN.ALLY_PURCHASE_HISTORY (PURCHASEID,USERID,ITEMID,PURCHASEDATE,AMOUNT) values (17,'45',26,to_date('23/03/13','RR/MM/DD'),288547);
Insert into ADMIN.ALLY_PURCHASE_HISTORY (PURCHASEID,USERID,ITEMID,PURCHASEDATE,AMOUNT) values (18,'51',47,to_date('23/09/15','RR/MM/DD'),135125);
Insert into ADMIN.ALLY_PURCHASE_HISTORY (PURCHASEID,USERID,ITEMID,PURCHASEDATE,AMOUNT) values (19,'36',24,to_date('23/02/03','RR/MM/DD'),233224);
Insert into ADMIN.ALLY_PURCHASE_HISTORY (PURCHASEID,USERID,ITEMID,PURCHASEDATE,AMOUNT) values (20,'86',48,to_date('23/07/10','RR/MM/DD'),117032);
Insert into ADMIN.ALLY_PURCHASE_HISTORY (PURCHASEID,USERID,ITEMID,PURCHASEDATE,AMOUNT) values (21,'12',40,to_date('23/10/22','RR/MM/DD'),37018);
Insert into ADMIN.ALLY_PURCHASE_HISTORY (PURCHASEID,USERID,ITEMID,PURCHASEDATE,AMOUNT) values (22,'41',20,to_date('23/06/01','RR/MM/DD'),146295);
Insert into ADMIN.ALLY_PURCHASE_HISTORY (PURCHASEID,USERID,ITEMID,PURCHASEDATE,AMOUNT) values (23,'83',44,to_date('23/12/02','RR/MM/DD'),318531);
Insert into ADMIN.ALLY_PURCHASE_HISTORY (PURCHASEID,USERID,ITEMID,PURCHASEDATE,AMOUNT) values (24,'49',1,to_date('23/02/25','RR/MM/DD'),82484);
Insert into ADMIN.ALLY_PURCHASE_HISTORY (PURCHASEID,USERID,ITEMID,PURCHASEDATE,AMOUNT) values (25,'12',9,to_date('23/06/21','RR/MM/DD'),397834);
Insert into ADMIN.ALLY_PURCHASE_HISTORY (PURCHASEID,USERID,ITEMID,PURCHASEDATE,AMOUNT) values (26,'85',9,to_date('23/08/19','RR/MM/DD'),206471);
Insert into ADMIN.ALLY_PURCHASE_HISTORY (PURCHASEID,USERID,ITEMID,PURCHASEDATE,AMOUNT) values (27,'61',44,to_date('23/11/22','RR/MM/DD'),333888);
Insert into ADMIN.ALLY_PURCHASE_HISTORY (PURCHASEID,USERID,ITEMID,PURCHASEDATE,AMOUNT) values (28,'27',1,to_date('23/11/18','RR/MM/DD'),81310);
Insert into ADMIN.ALLY_PURCHASE_HISTORY (PURCHASEID,USERID,ITEMID,PURCHASEDATE,AMOUNT) values (29,'55',44,to_date('23/08/02','RR/MM/DD'),382777);
Insert into ADMIN.ALLY_PURCHASE_HISTORY (PURCHASEID,USERID,ITEMID,PURCHASEDATE,AMOUNT) values (30,'96',32,to_date('23/05/25','RR/MM/DD'),427561);
Insert into ADMIN.ALLY_PURCHASE_HISTORY (PURCHASEID,USERID,ITEMID,PURCHASEDATE,AMOUNT) values (31,'14',7,to_date('23/10/07','RR/MM/DD'),412663);
Insert into ADMIN.ALLY_PURCHASE_HISTORY (PURCHASEID,USERID,ITEMID,PURCHASEDATE,AMOUNT) values (32,'3',44,to_date('23/08/15','RR/MM/DD'),338383);
Insert into ADMIN.ALLY_PURCHASE_HISTORY (PURCHASEID,USERID,ITEMID,PURCHASEDATE,AMOUNT) values (33,'78',9,to_date('23/06/29','RR/MM/DD'),394818);
Insert into ADMIN.ALLY_PURCHASE_HISTORY (PURCHASEID,USERID,ITEMID,PURCHASEDATE,AMOUNT) values (34,'4',43,to_date('23/11/01','RR/MM/DD'),19090);
Insert into ADMIN.ALLY_PURCHASE_HISTORY (PURCHASEID,USERID,ITEMID,PURCHASEDATE,AMOUNT) values (35,'41',22,to_date('23/05/08','RR/MM/DD'),316336);
Insert into ADMIN.ALLY_PURCHASE_HISTORY (PURCHASEID,USERID,ITEMID,PURCHASEDATE,AMOUNT) values (36,'98',17,to_date('23/06/01','RR/MM/DD'),484522);
Insert into ADMIN.ALLY_PURCHASE_HISTORY (PURCHASEID,USERID,ITEMID,PURCHASEDATE,AMOUNT) values (37,'82',49,to_date('23/01/31','RR/MM/DD'),205473);
Insert into ADMIN.ALLY_PURCHASE_HISTORY (PURCHASEID,USERID,ITEMID,PURCHASEDATE,AMOUNT) values (38,'51',8,to_date('23/12/08','RR/MM/DD'),375117);
Insert into ADMIN.ALLY_PURCHASE_HISTORY (PURCHASEID,USERID,ITEMID,PURCHASEDATE,AMOUNT) values (39,'33',36,to_date('23/02/11','RR/MM/DD'),39975);
Insert into ADMIN.ALLY_PURCHASE_HISTORY (PURCHASEID,USERID,ITEMID,PURCHASEDATE,AMOUNT) values (40,'89',30,to_date('23/09/09','RR/MM/DD'),416433);
Insert into ADMIN.ALLY_PURCHASE_HISTORY (PURCHASEID,USERID,ITEMID,PURCHASEDATE,AMOUNT) values (41,'48',44,to_date('23/07/17','RR/MM/DD'),483155);
Insert into ADMIN.ALLY_PURCHASE_HISTORY (PURCHASEID,USERID,ITEMID,PURCHASEDATE,AMOUNT) values (42,'43',7,to_date('23/01/28','RR/MM/DD'),260095);
Insert into ADMIN.ALLY_PURCHASE_HISTORY (PURCHASEID,USERID,ITEMID,PURCHASEDATE,AMOUNT) values (43,'98',45,to_date('23/09/03','RR/MM/DD'),48577);
Insert into ADMIN.ALLY_PURCHASE_HISTORY (PURCHASEID,USERID,ITEMID,PURCHASEDATE,AMOUNT) values (44,'36',12,to_date('23/04/23','RR/MM/DD'),307725);
Insert into ADMIN.ALLY_PURCHASE_HISTORY (PURCHASEID,USERID,ITEMID,PURCHASEDATE,AMOUNT) values (45,'32',9,to_date('23/08/16','RR/MM/DD'),172422);
Insert into ADMIN.ALLY_PURCHASE_HISTORY (PURCHASEID,USERID,ITEMID,PURCHASEDATE,AMOUNT) values (46,'9',46,to_date('23/03/16','RR/MM/DD'),183184);
Insert into ADMIN.ALLY_PURCHASE_HISTORY (PURCHASEID,USERID,ITEMID,PURCHASEDATE,AMOUNT) values (47,'9',39,to_date('23/09/11','RR/MM/DD'),452609);
Insert into ADMIN.ALLY_PURCHASE_HISTORY (PURCHASEID,USERID,ITEMID,PURCHASEDATE,AMOUNT) values (48,'87',18,to_date('23/04/02','RR/MM/DD'),248065);
Insert into ADMIN.ALLY_PURCHASE_HISTORY (PURCHASEID,USERID,ITEMID,PURCHASEDATE,AMOUNT) values (49,'78',49,to_date('23/09/05','RR/MM/DD'),151140);
Insert into ADMIN.ALLY_PURCHASE_HISTORY (PURCHASEID,USERID,ITEMID,PURCHASEDATE,AMOUNT) values (50,'4',41,to_date('23/09/10','RR/MM/DD'),493132);
Insert into ADMIN.ALLY_PURCHASE_HISTORY (PURCHASEID,USERID,ITEMID,PURCHASEDATE,AMOUNT) values (51,'42',47,to_date('23/10/20','RR/MM/DD'),115257);
Insert into ADMIN.ALLY_PURCHASE_HISTORY (PURCHASEID,USERID,ITEMID,PURCHASEDATE,AMOUNT) values (52,'53',3,to_date('23/06/12','RR/MM/DD'),80487);
Insert into ADMIN.ALLY_PURCHASE_HISTORY (PURCHASEID,USERID,ITEMID,PURCHASEDATE,AMOUNT) values (53,'59',29,to_date('23/02/06','RR/MM/DD'),408262);
Insert into ADMIN.ALLY_PURCHASE_HISTORY (PURCHASEID,USERID,ITEMID,PURCHASEDATE,AMOUNT) values (54,'4',23,to_date('23/06/17','RR/MM/DD'),99816);
Insert into ADMIN.ALLY_PURCHASE_HISTORY (PURCHASEID,USERID,ITEMID,PURCHASEDATE,AMOUNT) values (55,'88',27,to_date('23/07/08','RR/MM/DD'),177997);
Insert into ADMIN.ALLY_PURCHASE_HISTORY (PURCHASEID,USERID,ITEMID,PURCHASEDATE,AMOUNT) values (56,'48',7,to_date('23/09/07','RR/MM/DD'),75866);
Insert into ADMIN.ALLY_PURCHASE_HISTORY (PURCHASEID,USERID,ITEMID,PURCHASEDATE,AMOUNT) values (57,'72',43,to_date('23/02/28','RR/MM/DD'),461467);
Insert into ADMIN.ALLY_PURCHASE_HISTORY (PURCHASEID,USERID,ITEMID,PURCHASEDATE,AMOUNT) values (58,'47',4,to_date('23/10/27','RR/MM/DD'),105623);
Insert into ADMIN.ALLY_PURCHASE_HISTORY (PURCHASEID,USERID,ITEMID,PURCHASEDATE,AMOUNT) values (59,'30',15,to_date('23/09/03','RR/MM/DD'),386649);
Insert into ADMIN.ALLY_PURCHASE_HISTORY (PURCHASEID,USERID,ITEMID,PURCHASEDATE,AMOUNT) values (60,'80',26,to_date('23/02/25','RR/MM/DD'),67183);
Insert into ADMIN.ALLY_PURCHASE_HISTORY (PURCHASEID,USERID,ITEMID,PURCHASEDATE,AMOUNT) values (61,'71',43,to_date('23/05/31','RR/MM/DD'),108694);
Insert into ADMIN.ALLY_PURCHASE_HISTORY (PURCHASEID,USERID,ITEMID,PURCHASEDATE,AMOUNT) values (62,'44',6,to_date('23/05/20','RR/MM/DD'),72681);
Insert into ADMIN.ALLY_PURCHASE_HISTORY (PURCHASEID,USERID,ITEMID,PURCHASEDATE,AMOUNT) values (63,'60',3,to_date('23/09/30','RR/MM/DD'),138862);
Insert into ADMIN.ALLY_PURCHASE_HISTORY (PURCHASEID,USERID,ITEMID,PURCHASEDATE,AMOUNT) values (64,'31',21,to_date('23/04/25','RR/MM/DD'),137165);
Insert into ADMIN.ALLY_PURCHASE_HISTORY (PURCHASEID,USERID,ITEMID,PURCHASEDATE,AMOUNT) values (65,'45',22,to_date('23/01/26','RR/MM/DD'),481972);
Insert into ADMIN.ALLY_PURCHASE_HISTORY (PURCHASEID,USERID,ITEMID,PURCHASEDATE,AMOUNT) values (66,'67',23,to_date('23/04/06','RR/MM/DD'),139624);
Insert into ADMIN.ALLY_PURCHASE_HISTORY (PURCHASEID,USERID,ITEMID,PURCHASEDATE,AMOUNT) values (67,'3',14,to_date('23/09/22','RR/MM/DD'),486072);
Insert into ADMIN.ALLY_PURCHASE_HISTORY (PURCHASEID,USERID,ITEMID,PURCHASEDATE,AMOUNT) values (68,'10',43,to_date('23/01/25','RR/MM/DD'),329925);
Insert into ADMIN.ALLY_PURCHASE_HISTORY (PURCHASEID,USERID,ITEMID,PURCHASEDATE,AMOUNT) values (69,'49',43,to_date('23/08/08','RR/MM/DD'),451820);
Insert into ADMIN.ALLY_PURCHASE_HISTORY (PURCHASEID,USERID,ITEMID,PURCHASEDATE,AMOUNT) values (70,'17',44,to_date('23/05/08','RR/MM/DD'),42355);
Insert into ADMIN.ALLY_PURCHASE_HISTORY (PURCHASEID,USERID,ITEMID,PURCHASEDATE,AMOUNT) values (71,'83',24,to_date('23/01/10','RR/MM/DD'),162694);
Insert into ADMIN.ALLY_PURCHASE_HISTORY (PURCHASEID,USERID,ITEMID,PURCHASEDATE,AMOUNT) values (72,'86',6,to_date('23/07/23','RR/MM/DD'),318157);
Insert into ADMIN.ALLY_PURCHASE_HISTORY (PURCHASEID,USERID,ITEMID,PURCHASEDATE,AMOUNT) values (73,'7',49,to_date('23/02/21','RR/MM/DD'),163523);
Insert into ADMIN.ALLY_PURCHASE_HISTORY (PURCHASEID,USERID,ITEMID,PURCHASEDATE,AMOUNT) values (74,'66',16,to_date('23/05/22','RR/MM/DD'),459980);
Insert into ADMIN.ALLY_PURCHASE_HISTORY (PURCHASEID,USERID,ITEMID,PURCHASEDATE,AMOUNT) values (75,'19',20,to_date('23/05/13','RR/MM/DD'),315004);
Insert into ADMIN.ALLY_PURCHASE_HISTORY (PURCHASEID,USERID,ITEMID,PURCHASEDATE,AMOUNT) values (76,'18',42,to_date('23/10/08','RR/MM/DD'),488199);
Insert into ADMIN.ALLY_PURCHASE_HISTORY (PURCHASEID,USERID,ITEMID,PURCHASEDATE,AMOUNT) values (77,'32',9,to_date('23/11/28','RR/MM/DD'),462454);
Insert into ADMIN.ALLY_PURCHASE_HISTORY (PURCHASEID,USERID,ITEMID,PURCHASEDATE,AMOUNT) values (78,'3',2,to_date('23/11/29','RR/MM/DD'),324394);
Insert into ADMIN.ALLY_PURCHASE_HISTORY (PURCHASEID,USERID,ITEMID,PURCHASEDATE,AMOUNT) values (79,'72',34,to_date('23/06/11','RR/MM/DD'),277749);
Insert into ADMIN.ALLY_PURCHASE_HISTORY (PURCHASEID,USERID,ITEMID,PURCHASEDATE,AMOUNT) values (80,'56',15,to_date('23/05/04','RR/MM/DD'),345295);
Insert into ADMIN.ALLY_PURCHASE_HISTORY (PURCHASEID,USERID,ITEMID,PURCHASEDATE,AMOUNT) values (81,'67',39,to_date('23/12/12','RR/MM/DD'),476208);
Insert into ADMIN.ALLY_PURCHASE_HISTORY (PURCHASEID,USERID,ITEMID,PURCHASEDATE,AMOUNT) values (82,'5',5,to_date('23/03/06','RR/MM/DD'),426679);
Insert into ADMIN.ALLY_PURCHASE_HISTORY (PURCHASEID,USERID,ITEMID,PURCHASEDATE,AMOUNT) values (83,'66',22,to_date('23/09/13','RR/MM/DD'),401225);
Insert into ADMIN.ALLY_PURCHASE_HISTORY (PURCHASEID,USERID,ITEMID,PURCHASEDATE,AMOUNT) values (84,'12',6,to_date('23/09/09','RR/MM/DD'),11874);
Insert into ADMIN.ALLY_PURCHASE_HISTORY (PURCHASEID,USERID,ITEMID,PURCHASEDATE,AMOUNT) values (85,'21',50,to_date('23/07/24','RR/MM/DD'),476635);
Insert into ADMIN.ALLY_PURCHASE_HISTORY (PURCHASEID,USERID,ITEMID,PURCHASEDATE,AMOUNT) values (86,'84',38,to_date('23/11/17','RR/MM/DD'),469222);
Insert into ADMIN.ALLY_PURCHASE_HISTORY (PURCHASEID,USERID,ITEMID,PURCHASEDATE,AMOUNT) values (87,'57',44,to_date('23/04/09','RR/MM/DD'),182943);
Insert into ADMIN.ALLY_PURCHASE_HISTORY (PURCHASEID,USERID,ITEMID,PURCHASEDATE,AMOUNT) values (88,'55',11,to_date('23/09/06','RR/MM/DD'),351574);
Insert into ADMIN.ALLY_PURCHASE_HISTORY (PURCHASEID,USERID,ITEMID,PURCHASEDATE,AMOUNT) values (89,'4',34,to_date('23/01/24','RR/MM/DD'),75209);
Insert into ADMIN.ALLY_PURCHASE_HISTORY (PURCHASEID,USERID,ITEMID,PURCHASEDATE,AMOUNT) values (90,'64',21,to_date('23/03/16','RR/MM/DD'),328163);
Insert into ADMIN.ALLY_PURCHASE_HISTORY (PURCHASEID,USERID,ITEMID,PURCHASEDATE,AMOUNT) values (91,'10',16,to_date('23/07/01','RR/MM/DD'),469157);
Insert into ADMIN.ALLY_PURCHASE_HISTORY (PURCHASEID,USERID,ITEMID,PURCHASEDATE,AMOUNT) values (92,'77',16,to_date('23/07/31','RR/MM/DD'),278078);
Insert into ADMIN.ALLY_PURCHASE_HISTORY (PURCHASEID,USERID,ITEMID,PURCHASEDATE,AMOUNT) values (93,'40',36,to_date('23/02/26','RR/MM/DD'),343154);
Insert into ADMIN.ALLY_PURCHASE_HISTORY (PURCHASEID,USERID,ITEMID,PURCHASEDATE,AMOUNT) values (94,'10',3,to_date('23/07/16','RR/MM/DD'),22868);
Insert into ADMIN.ALLY_PURCHASE_HISTORY (PURCHASEID,USERID,ITEMID,PURCHASEDATE,AMOUNT) values (95,'22',36,to_date('23/10/10','RR/MM/DD'),419541);
Insert into ADMIN.ALLY_PURCHASE_HISTORY (PURCHASEID,USERID,ITEMID,PURCHASEDATE,AMOUNT) values (96,'27',38,to_date('23/10/19','RR/MM/DD'),202526);
Insert into ADMIN.ALLY_PURCHASE_HISTORY (PURCHASEID,USERID,ITEMID,PURCHASEDATE,AMOUNT) values (97,'3',38,to_date('23/05/30','RR/MM/DD'),357365);
Insert into ADMIN.ALLY_PURCHASE_HISTORY (PURCHASEID,USERID,ITEMID,PURCHASEDATE,AMOUNT) values (98,'31',45,to_date('23/05/01','RR/MM/DD'),317763);
Insert into ADMIN.ALLY_PURCHASE_HISTORY (PURCHASEID,USERID,ITEMID,PURCHASEDATE,AMOUNT) values (99,'13',31,to_date('23/12/21','RR/MM/DD'),328388);
Insert into ADMIN.ALLY_PURCHASE_HISTORY (PURCHASEID,USERID,ITEMID,PURCHASEDATE,AMOUNT) values (100,'36',29,to_date('23/08/08','RR/MM/DD'),374745);
REM INSERTING into ADMIN.ALLY_USERS
SET DEFINE OFF;
Insert into ADMIN.ALLY_USERS (USERID,EMAIL,PASSWORD,FULLNAME,AGE,GENDER,SKINTYPE,ROLE) values ('test3','test@test.com','test3','test',20,'male','oily','B');
Insert into ADMIN.ALLY_USERS (USERID,EMAIL,PASSWORD,FULLNAME,AGE,GENDER,SKINTYPE,ROLE) values ('1','user1@example.com','password1','User1 Name',23,'남성','트러블성','B');
Insert into ADMIN.ALLY_USERS (USERID,EMAIL,PASSWORD,FULLNAME,AGE,GENDER,SKINTYPE,ROLE) values ('2','user2@example.com','password2','User2 Name',34,'기타','건성','B');
Insert into ADMIN.ALLY_USERS (USERID,EMAIL,PASSWORD,FULLNAME,AGE,GENDER,SKINTYPE,ROLE) values ('3','user3@example.com','password3','User3 Name',28,'기타','트러블성','B');
Insert into ADMIN.ALLY_USERS (USERID,EMAIL,PASSWORD,FULLNAME,AGE,GENDER,SKINTYPE,ROLE) values ('4','user4@example.com','password4','User4 Name',36,'기타','드라이','B');
Insert into ADMIN.ALLY_USERS (USERID,EMAIL,PASSWORD,FULLNAME,AGE,GENDER,SKINTYPE,ROLE) values ('5','user5@example.com','password5','User5 Name',24,'남성','드라이','B');
Insert into ADMIN.ALLY_USERS (USERID,EMAIL,PASSWORD,FULLNAME,AGE,GENDER,SKINTYPE,ROLE) values ('6','user6@example.com','password6','User6 Name',24,'여성','민감','B');
Insert into ADMIN.ALLY_USERS (USERID,EMAIL,PASSWORD,FULLNAME,AGE,GENDER,SKINTYPE,ROLE) values ('7','user7@example.com','password7','User7 Name',25,'여성','지성','B');
Insert into ADMIN.ALLY_USERS (USERID,EMAIL,PASSWORD,FULLNAME,AGE,GENDER,SKINTYPE,ROLE) values ('8','user8@example.com','password8','User8 Name',40,'남성','복합성','B');
Insert into ADMIN.ALLY_USERS (USERID,EMAIL,PASSWORD,FULLNAME,AGE,GENDER,SKINTYPE,ROLE) values ('9','user9@example.com','password9','User9 Name',28,'여성','정상','B');
Insert into ADMIN.ALLY_USERS (USERID,EMAIL,PASSWORD,FULLNAME,AGE,GENDER,SKINTYPE,ROLE) values ('10','user10@example.com','password10','User10 Name',37,'기타','건성','B');
Insert into ADMIN.ALLY_USERS (USERID,EMAIL,PASSWORD,FULLNAME,AGE,GENDER,SKINTYPE,ROLE) values ('11','user11@example.com','password11','User11 Name',23,'남성','복합성','B');
Insert into ADMIN.ALLY_USERS (USERID,EMAIL,PASSWORD,FULLNAME,AGE,GENDER,SKINTYPE,ROLE) values ('12','user12@example.com','password12','User12 Name',25,'여성','트러블성','B');
Insert into ADMIN.ALLY_USERS (USERID,EMAIL,PASSWORD,FULLNAME,AGE,GENDER,SKINTYPE,ROLE) values ('13','user13@example.com','password13','User13 Name',30,'남성','정상','B');
Insert into ADMIN.ALLY_USERS (USERID,EMAIL,PASSWORD,FULLNAME,AGE,GENDER,SKINTYPE,ROLE) values ('14','user14@example.com','password14','User14 Name',21,'남성','복합성','B');
Insert into ADMIN.ALLY_USERS (USERID,EMAIL,PASSWORD,FULLNAME,AGE,GENDER,SKINTYPE,ROLE) values ('15','user15@example.com','password15','User15 Name',26,'남성','건성','B');
Insert into ADMIN.ALLY_USERS (USERID,EMAIL,PASSWORD,FULLNAME,AGE,GENDER,SKINTYPE,ROLE) values ('16','user16@example.com','password16','User16 Name',40,'남성','드라이','B');
Insert into ADMIN.ALLY_USERS (USERID,EMAIL,PASSWORD,FULLNAME,AGE,GENDER,SKINTYPE,ROLE) values ('17','user17@example.com','password17','User17 Name',40,'기타','건성','B');
Insert into ADMIN.ALLY_USERS (USERID,EMAIL,PASSWORD,FULLNAME,AGE,GENDER,SKINTYPE,ROLE) values ('18','user18@example.com','password18','User18 Name',24,'남성','민감','B');
Insert into ADMIN.ALLY_USERS (USERID,EMAIL,PASSWORD,FULLNAME,AGE,GENDER,SKINTYPE,ROLE) values ('19','user19@example.com','password19','User19 Name',36,'기타','드라이','B');
Insert into ADMIN.ALLY_USERS (USERID,EMAIL,PASSWORD,FULLNAME,AGE,GENDER,SKINTYPE,ROLE) values ('20','user20@example.com','password20','User20 Name',30,'기타','복합성','B');
Insert into ADMIN.ALLY_USERS (USERID,EMAIL,PASSWORD,FULLNAME,AGE,GENDER,SKINTYPE,ROLE) values ('21','user21@example.com','password21','User21 Name',27,'남성','정상','B');
Insert into ADMIN.ALLY_USERS (USERID,EMAIL,PASSWORD,FULLNAME,AGE,GENDER,SKINTYPE,ROLE) values ('22','user22@example.com','password22','User22 Name',31,'기타','복합성','B');
Insert into ADMIN.ALLY_USERS (USERID,EMAIL,PASSWORD,FULLNAME,AGE,GENDER,SKINTYPE,ROLE) values ('23','user23@example.com','password23','User23 Name',40,'기타','정상','B');
Insert into ADMIN.ALLY_USERS (USERID,EMAIL,PASSWORD,FULLNAME,AGE,GENDER,SKINTYPE,ROLE) values ('24','user24@example.com','password24','User24 Name',37,'여성','민감','B');
Insert into ADMIN.ALLY_USERS (USERID,EMAIL,PASSWORD,FULLNAME,AGE,GENDER,SKINTYPE,ROLE) values ('25','user25@example.com','password25','User25 Name',38,'기타','민감','B');
Insert into ADMIN.ALLY_USERS (USERID,EMAIL,PASSWORD,FULLNAME,AGE,GENDER,SKINTYPE,ROLE) values ('26','user26@example.com','password26','User26 Name',29,'기타','드라이','B');
Insert into ADMIN.ALLY_USERS (USERID,EMAIL,PASSWORD,FULLNAME,AGE,GENDER,SKINTYPE,ROLE) values ('27','user27@example.com','password27','User27 Name',29,'여성','트러블성','B');
Insert into ADMIN.ALLY_USERS (USERID,EMAIL,PASSWORD,FULLNAME,AGE,GENDER,SKINTYPE,ROLE) values ('28','user28@example.com','password28','User28 Name',26,'여성','드라이','B');
Insert into ADMIN.ALLY_USERS (USERID,EMAIL,PASSWORD,FULLNAME,AGE,GENDER,SKINTYPE,ROLE) values ('29','user29@example.com','password29','User29 Name',37,'남성','정상','B');
Insert into ADMIN.ALLY_USERS (USERID,EMAIL,PASSWORD,FULLNAME,AGE,GENDER,SKINTYPE,ROLE) values ('30','user30@example.com','password30','User30 Name',27,'기타','트러블성','B');
Insert into ADMIN.ALLY_USERS (USERID,EMAIL,PASSWORD,FULLNAME,AGE,GENDER,SKINTYPE,ROLE) values ('31','user31@example.com','password31','User31 Name',23,'남성','복합성','B');
Insert into ADMIN.ALLY_USERS (USERID,EMAIL,PASSWORD,FULLNAME,AGE,GENDER,SKINTYPE,ROLE) values ('32','user32@example.com','password32','User32 Name',35,'기타','지성','B');
Insert into ADMIN.ALLY_USERS (USERID,EMAIL,PASSWORD,FULLNAME,AGE,GENDER,SKINTYPE,ROLE) values ('33','user33@example.com','password33','User33 Name',28,'여성','복합성','B');
Insert into ADMIN.ALLY_USERS (USERID,EMAIL,PASSWORD,FULLNAME,AGE,GENDER,SKINTYPE,ROLE) values ('34','user34@example.com','password34','User34 Name',26,'여성','복합성','B');
Insert into ADMIN.ALLY_USERS (USERID,EMAIL,PASSWORD,FULLNAME,AGE,GENDER,SKINTYPE,ROLE) values ('35','user35@example.com','password35','User35 Name',39,'여성','정상','B');
Insert into ADMIN.ALLY_USERS (USERID,EMAIL,PASSWORD,FULLNAME,AGE,GENDER,SKINTYPE,ROLE) values ('36','user36@example.com','password36','User36 Name',23,'여성','트러블성','B');
Insert into ADMIN.ALLY_USERS (USERID,EMAIL,PASSWORD,FULLNAME,AGE,GENDER,SKINTYPE,ROLE) values ('37','user37@example.com','password37','User37 Name',20,'기타','지성','B');
Insert into ADMIN.ALLY_USERS (USERID,EMAIL,PASSWORD,FULLNAME,AGE,GENDER,SKINTYPE,ROLE) values ('38','user38@example.com','password38','User38 Name',38,'남성','정상','B');
Insert into ADMIN.ALLY_USERS (USERID,EMAIL,PASSWORD,FULLNAME,AGE,GENDER,SKINTYPE,ROLE) values ('39','user39@example.com','password39','User39 Name',23,'여성','건성','B');
Insert into ADMIN.ALLY_USERS (USERID,EMAIL,PASSWORD,FULLNAME,AGE,GENDER,SKINTYPE,ROLE) values ('40','user40@example.com','password40','User40 Name',23,'기타','건성','B');
Insert into ADMIN.ALLY_USERS (USERID,EMAIL,PASSWORD,FULLNAME,AGE,GENDER,SKINTYPE,ROLE) values ('41','user41@example.com','password41','User41 Name',33,'남성','건성','B');
Insert into ADMIN.ALLY_USERS (USERID,EMAIL,PASSWORD,FULLNAME,AGE,GENDER,SKINTYPE,ROLE) values ('42','user42@example.com','password42','User42 Name',30,'기타','트러블성','B');
Insert into ADMIN.ALLY_USERS (USERID,EMAIL,PASSWORD,FULLNAME,AGE,GENDER,SKINTYPE,ROLE) values ('43','user43@example.com','password43','User43 Name',32,'기타','복합성','B');
Insert into ADMIN.ALLY_USERS (USERID,EMAIL,PASSWORD,FULLNAME,AGE,GENDER,SKINTYPE,ROLE) values ('44','user44@example.com','password44','User44 Name',23,'남성','트러블성','B');
Insert into ADMIN.ALLY_USERS (USERID,EMAIL,PASSWORD,FULLNAME,AGE,GENDER,SKINTYPE,ROLE) values ('45','user45@example.com','password45','User45 Name',32,'여성','트러블성','B');
Insert into ADMIN.ALLY_USERS (USERID,EMAIL,PASSWORD,FULLNAME,AGE,GENDER,SKINTYPE,ROLE) values ('46','user46@example.com','password46','User46 Name',23,'기타','복합성','B');
Insert into ADMIN.ALLY_USERS (USERID,EMAIL,PASSWORD,FULLNAME,AGE,GENDER,SKINTYPE,ROLE) values ('47','user47@example.com','password47','User47 Name',32,'여성','트러블성','B');
Insert into ADMIN.ALLY_USERS (USERID,EMAIL,PASSWORD,FULLNAME,AGE,GENDER,SKINTYPE,ROLE) values ('48','user48@example.com','password48','User48 Name',30,'남성','민감','B');
Insert into ADMIN.ALLY_USERS (USERID,EMAIL,PASSWORD,FULLNAME,AGE,GENDER,SKINTYPE,ROLE) values ('49','user49@example.com','password49','User49 Name',28,'남성','지성','B');
Insert into ADMIN.ALLY_USERS (USERID,EMAIL,PASSWORD,FULLNAME,AGE,GENDER,SKINTYPE,ROLE) values ('50','user50@example.com','password50','User50 Name',23,'여성','민감','B');
Insert into ADMIN.ALLY_USERS (USERID,EMAIL,PASSWORD,FULLNAME,AGE,GENDER,SKINTYPE,ROLE) values ('51','user51@example.com','password51','User51 Name',38,'남성','트러블성','B');
Insert into ADMIN.ALLY_USERS (USERID,EMAIL,PASSWORD,FULLNAME,AGE,GENDER,SKINTYPE,ROLE) values ('52','user52@example.com','password52','User52 Name',21,'여성','트러블성','B');
Insert into ADMIN.ALLY_USERS (USERID,EMAIL,PASSWORD,FULLNAME,AGE,GENDER,SKINTYPE,ROLE) values ('53','user53@example.com','password53','User53 Name',38,'기타','복합성','B');
Insert into ADMIN.ALLY_USERS (USERID,EMAIL,PASSWORD,FULLNAME,AGE,GENDER,SKINTYPE,ROLE) values ('54','user54@example.com','password54','User54 Name',35,'여성','민감','B');
Insert into ADMIN.ALLY_USERS (USERID,EMAIL,PASSWORD,FULLNAME,AGE,GENDER,SKINTYPE,ROLE) values ('55','user55@example.com','password55','User55 Name',22,'여성','정상','B');
Insert into ADMIN.ALLY_USERS (USERID,EMAIL,PASSWORD,FULLNAME,AGE,GENDER,SKINTYPE,ROLE) values ('56','user56@example.com','password56','User56 Name',27,'남성','건성','B');
Insert into ADMIN.ALLY_USERS (USERID,EMAIL,PASSWORD,FULLNAME,AGE,GENDER,SKINTYPE,ROLE) values ('57','user57@example.com','password57','User57 Name',24,'여성','민감','B');
Insert into ADMIN.ALLY_USERS (USERID,EMAIL,PASSWORD,FULLNAME,AGE,GENDER,SKINTYPE,ROLE) values ('58','user58@example.com','password58','User58 Name',35,'남성','건성','B');
Insert into ADMIN.ALLY_USERS (USERID,EMAIL,PASSWORD,FULLNAME,AGE,GENDER,SKINTYPE,ROLE) values ('59','user59@example.com','password59','User59 Name',20,'여성','건성','B');
Insert into ADMIN.ALLY_USERS (USERID,EMAIL,PASSWORD,FULLNAME,AGE,GENDER,SKINTYPE,ROLE) values ('60','user60@example.com','password60','User60 Name',24,'기타','민감','B');
Insert into ADMIN.ALLY_USERS (USERID,EMAIL,PASSWORD,FULLNAME,AGE,GENDER,SKINTYPE,ROLE) values ('61','user61@example.com','password61','User61 Name',22,'기타','지성','B');
Insert into ADMIN.ALLY_USERS (USERID,EMAIL,PASSWORD,FULLNAME,AGE,GENDER,SKINTYPE,ROLE) values ('62','user62@example.com','password62','User62 Name',32,'기타','드라이','B');
Insert into ADMIN.ALLY_USERS (USERID,EMAIL,PASSWORD,FULLNAME,AGE,GENDER,SKINTYPE,ROLE) values ('63','user63@example.com','password63','User63 Name',28,'여성','민감','B');
Insert into ADMIN.ALLY_USERS (USERID,EMAIL,PASSWORD,FULLNAME,AGE,GENDER,SKINTYPE,ROLE) values ('64','user64@example.com','password64','User64 Name',31,'기타','복합성','B');
Insert into ADMIN.ALLY_USERS (USERID,EMAIL,PASSWORD,FULLNAME,AGE,GENDER,SKINTYPE,ROLE) values ('65','user65@example.com','password65','User65 Name',34,'여성','복합성','B');
Insert into ADMIN.ALLY_USERS (USERID,EMAIL,PASSWORD,FULLNAME,AGE,GENDER,SKINTYPE,ROLE) values ('66','user66@example.com','password66','User66 Name',22,'여성','정상','B');
Insert into ADMIN.ALLY_USERS (USERID,EMAIL,PASSWORD,FULLNAME,AGE,GENDER,SKINTYPE,ROLE) values ('67','user67@example.com','password67','User67 Name',32,'기타','민감','B');
Insert into ADMIN.ALLY_USERS (USERID,EMAIL,PASSWORD,FULLNAME,AGE,GENDER,SKINTYPE,ROLE) values ('68','user68@example.com','password68','User68 Name',40,'남성','트러블성','B');
Insert into ADMIN.ALLY_USERS (USERID,EMAIL,PASSWORD,FULLNAME,AGE,GENDER,SKINTYPE,ROLE) values ('69','user69@example.com','password69','User69 Name',26,'기타','정상','B');
Insert into ADMIN.ALLY_USERS (USERID,EMAIL,PASSWORD,FULLNAME,AGE,GENDER,SKINTYPE,ROLE) values ('70','user70@example.com','password70','User70 Name',22,'남성','정상','B');
Insert into ADMIN.ALLY_USERS (USERID,EMAIL,PASSWORD,FULLNAME,AGE,GENDER,SKINTYPE,ROLE) values ('71','user71@example.com','password71','User71 Name',40,'여성','지성','B');
Insert into ADMIN.ALLY_USERS (USERID,EMAIL,PASSWORD,FULLNAME,AGE,GENDER,SKINTYPE,ROLE) values ('72','user72@example.com','password72','User72 Name',39,'여성','민감','B');
Insert into ADMIN.ALLY_USERS (USERID,EMAIL,PASSWORD,FULLNAME,AGE,GENDER,SKINTYPE,ROLE) values ('73','user73@example.com','password73','User73 Name',20,'여성','민감','B');
Insert into ADMIN.ALLY_USERS (USERID,EMAIL,PASSWORD,FULLNAME,AGE,GENDER,SKINTYPE,ROLE) values ('74','user74@example.com','password74','User74 Name',23,'기타','복합성','B');
Insert into ADMIN.ALLY_USERS (USERID,EMAIL,PASSWORD,FULLNAME,AGE,GENDER,SKINTYPE,ROLE) values ('75','user75@example.com','password75','User75 Name',36,'남성','트러블성','B');
Insert into ADMIN.ALLY_USERS (USERID,EMAIL,PASSWORD,FULLNAME,AGE,GENDER,SKINTYPE,ROLE) values ('76','user76@example.com','password76','User76 Name',33,'여성','드라이','B');
Insert into ADMIN.ALLY_USERS (USERID,EMAIL,PASSWORD,FULLNAME,AGE,GENDER,SKINTYPE,ROLE) values ('77','user77@example.com','password77','User77 Name',20,'남성','트러블성','B');
Insert into ADMIN.ALLY_USERS (USERID,EMAIL,PASSWORD,FULLNAME,AGE,GENDER,SKINTYPE,ROLE) values ('78','user78@example.com','password78','User78 Name',20,'남성','건성','B');
Insert into ADMIN.ALLY_USERS (USERID,EMAIL,PASSWORD,FULLNAME,AGE,GENDER,SKINTYPE,ROLE) values ('79','user79@example.com','password79','User79 Name',20,'기타','복합성','B');
Insert into ADMIN.ALLY_USERS (USERID,EMAIL,PASSWORD,FULLNAME,AGE,GENDER,SKINTYPE,ROLE) values ('80','user80@example.com','password80','User80 Name',20,'남성','복합성','B');
Insert into ADMIN.ALLY_USERS (USERID,EMAIL,PASSWORD,FULLNAME,AGE,GENDER,SKINTYPE,ROLE) values ('81','user81@example.com','password81','User81 Name',29,'남성','건성','B');
Insert into ADMIN.ALLY_USERS (USERID,EMAIL,PASSWORD,FULLNAME,AGE,GENDER,SKINTYPE,ROLE) values ('82','user82@example.com','password82','User82 Name',37,'여성','드라이','B');
Insert into ADMIN.ALLY_USERS (USERID,EMAIL,PASSWORD,FULLNAME,AGE,GENDER,SKINTYPE,ROLE) values ('83','user83@example.com','password83','User83 Name',20,'기타','민감','B');
Insert into ADMIN.ALLY_USERS (USERID,EMAIL,PASSWORD,FULLNAME,AGE,GENDER,SKINTYPE,ROLE) values ('84','user84@example.com','password84','User84 Name',35,'기타','건성','B');
Insert into ADMIN.ALLY_USERS (USERID,EMAIL,PASSWORD,FULLNAME,AGE,GENDER,SKINTYPE,ROLE) values ('85','user85@example.com','password85','User85 Name',31,'기타','지성','B');
Insert into ADMIN.ALLY_USERS (USERID,EMAIL,PASSWORD,FULLNAME,AGE,GENDER,SKINTYPE,ROLE) values ('86','user86@example.com','password86','User86 Name',38,'여성','건성','B');
Insert into ADMIN.ALLY_USERS (USERID,EMAIL,PASSWORD,FULLNAME,AGE,GENDER,SKINTYPE,ROLE) values ('87','user87@example.com','password87','User87 Name',27,'기타','복합성','B');
Insert into ADMIN.ALLY_USERS (USERID,EMAIL,PASSWORD,FULLNAME,AGE,GENDER,SKINTYPE,ROLE) values ('88','user88@example.com','password88','User88 Name',21,'여성','정상','B');
Insert into ADMIN.ALLY_USERS (USERID,EMAIL,PASSWORD,FULLNAME,AGE,GENDER,SKINTYPE,ROLE) values ('89','user89@example.com','password89','User89 Name',25,'남성','지성','B');
Insert into ADMIN.ALLY_USERS (USERID,EMAIL,PASSWORD,FULLNAME,AGE,GENDER,SKINTYPE,ROLE) values ('90','user90@example.com','password90','User90 Name',21,'여성','정상','B');
Insert into ADMIN.ALLY_USERS (USERID,EMAIL,PASSWORD,FULLNAME,AGE,GENDER,SKINTYPE,ROLE) values ('91','user91@example.com','password91','User91 Name',26,'남성','민감','B');
Insert into ADMIN.ALLY_USERS (USERID,EMAIL,PASSWORD,FULLNAME,AGE,GENDER,SKINTYPE,ROLE) values ('92','user92@example.com','password92','User92 Name',21,'기타','정상','B');
Insert into ADMIN.ALLY_USERS (USERID,EMAIL,PASSWORD,FULLNAME,AGE,GENDER,SKINTYPE,ROLE) values ('93','user93@example.com','password93','User93 Name',38,'남성','민감','B');
Insert into ADMIN.ALLY_USERS (USERID,EMAIL,PASSWORD,FULLNAME,AGE,GENDER,SKINTYPE,ROLE) values ('94','user94@example.com','password94','User94 Name',37,'기타','지성','B');
Insert into ADMIN.ALLY_USERS (USERID,EMAIL,PASSWORD,FULLNAME,AGE,GENDER,SKINTYPE,ROLE) values ('95','user95@example.com','password95','User95 Name',26,'여성','지성','B');
Insert into ADMIN.ALLY_USERS (USERID,EMAIL,PASSWORD,FULLNAME,AGE,GENDER,SKINTYPE,ROLE) values ('96','user96@example.com','password96','User96 Name',36,'여성','건성','B');
Insert into ADMIN.ALLY_USERS (USERID,EMAIL,PASSWORD,FULLNAME,AGE,GENDER,SKINTYPE,ROLE) values ('97','user97@example.com','password97','User97 Name',26,'기타','정상','B');
Insert into ADMIN.ALLY_USERS (USERID,EMAIL,PASSWORD,FULLNAME,AGE,GENDER,SKINTYPE,ROLE) values ('98','user98@example.com','password98','User98 Name',33,'여성','민감','B');
Insert into ADMIN.ALLY_USERS (USERID,EMAIL,PASSWORD,FULLNAME,AGE,GENDER,SKINTYPE,ROLE) values ('99','user99@example.com','password99','User99 Name',24,'남성','민감','B');
Insert into ADMIN.ALLY_USERS (USERID,EMAIL,PASSWORD,FULLNAME,AGE,GENDER,SKINTYPE,ROLE) values ('100','user100@example.com','pass1','User100 Name',33,'남성','지성','B');
Insert into ADMIN.ALLY_USERS (USERID,EMAIL,PASSWORD,FULLNAME,AGE,GENDER,SKINTYPE,ROLE) values ('admin','admin@example.com','admin','admin',20,'null','null','A');
Insert into ADMIN.ALLY_USERS (USERID,EMAIL,PASSWORD,FULLNAME,AGE,GENDER,SKINTYPE,ROLE) values ('test1','test@test.com','test1','test',20,'other','dry','B');
--------------------------------------------------------
--  DDL for Index SYS_C006217
--------------------------------------------------------

  CREATE UNIQUE INDEX "ADMIN"."SYS_C006217" ON "ADMIN"."ALLY_PRODUCTS" ("ITEMID") 
  PCTFREE 10 INITRANS 2 MAXTRANS 255 COMPUTE STATISTICS 
  STORAGE(INITIAL 65536 NEXT 1048576 MINEXTENTS 1 MAXEXTENTS 2147483645
  PCTINCREASE 0 FREELISTS 1 FREELIST GROUPS 1
  BUFFER_POOL DEFAULT FLASH_CACHE DEFAULT CELL_FLASH_CACHE DEFAULT)
  TABLESPACE "USERS" ;
--------------------------------------------------------
--  Constraints for Table ALLY_PRODUCTS
--------------------------------------------------------

  ALTER TABLE "ADMIN"."ALLY_PRODUCTS" ADD PRIMARY KEY ("ITEMID")
  USING INDEX PCTFREE 10 INITRANS 2 MAXTRANS 255 COMPUTE STATISTICS 
  STORAGE(INITIAL 65536 NEXT 1048576 MINEXTENTS 1 MAXEXTENTS 2147483645
  PCTINCREASE 0 FREELISTS 1 FREELIST GROUPS 1
  BUFFER_POOL DEFAULT FLASH_CACHE DEFAULT CELL_FLASH_CACHE DEFAULT)
  TABLESPACE "USERS"  ENABLE;
